{"cameraMode":{"drawMode":0,"name":"Shaded","section":"Shading Mode"},"sceneLighting":true,"audioPlay":false,"sceneViewState":{"showFog":true,"showMaterialUpdate":false,"showSkybox":true,"showFlares":true,"showImageEffects":true,"showParticleSystems":true},"in2DMode":false,"pivot":{"x":-1.1692439317703248,"y":2.6666030883789064,"z":-2.344972610473633},"rotation":{"x":0.0705156922340393,"y":0.6972834467887878,"z":-0.06925792247056961,"w":0.7099483609199524},"size":9.96428394317627,"orthographic":false}